택배번호,출발지,출발시간,거리,통행량,경유지,하차시간,상차시간,거리,통행량,경유지,하차시간,상차시간,거리,통행량,경유지,하차시간,상차시간,거리,통행량,도착지,도착시간
001P10003,울산 남구,1,21,405,1,서울 성동구
001P10004,전북 순창군,1,3,50,1,전남 담양군
001P10008,경기 동두천시,1,23,432,1,경남 의령군
001P10010,서울 송파구,1,20,387,1,경남 창원시 마산회원구
001P10011,충남 계룡시,1,6,95,1,전북 무주군
001P10012,충남 서산시,1,7,128,2,천안 우편집중국,19,25,112,1,경기 성남시 수정구
001P10016,부산 금정구,1,20,385,1,충남 아산시
001P10020,전북 전주시 완산구,1,7,116,1,중부권 광역우편물류센터,19,22,53,2,충북 옥천군
001P10021,충남 예산군,1,7,113,1,천안 우편집중국,19,25,126,1,충남 계룡시
001P10022,경북 안동시,1,3,30,1,안동 우편집중국,15,23,170,1,충북 음성군
001P10025,충북 충주시,1,10,183,1,인천 연수구
001P10026,전남 곡성군,1,18,340,1,경기 수원시 팔달구
001P10028,충북 진천군,1,10,177,1,경기 연천군
001P10029,서울 마포구,1,9,155,1,경기 평택시
001P10031,경기 고양시 일산동구,1,18,339,1,강원 삼척시
001P10033,부산 부산진구,1,22,413,1,전북 군산시
001P10034,충남 보령시,1,25,473,1,울산 남구
001P10035,경남 함안군,1,20,380,1,경기 성남시 분당구
001P10038,경기 고양시 일산동구,1,17,316,1,경북 구미시
001P10044,전북 정읍시,1,22,422,1,강원 정선군
001P10045,경기 이천시,1,14,266,1,경북 고령군
001P10048,충북 제천시,1,9,167,1,동서울 우편집중국,21,24,54,2,서울 강동구
001P10053,경북 경산시,1,19,356,1,경기 화성시
001P10054,충남 서천군,1,11,208,1,광주 서구
001P10056,충북 청주시 서원구,1,10,180,1,동서울 우편집중국,22,25,54,3,서울 강동구
001P10063,부산 동구,1,25,480,1,경기 김포시
001P10068,경남 창원시 성산구,1,19,352,1,강원 영월군
001P10071,경기 안산시 단원구,1,4,51,1,안양 우편집중국,16,18,33,1,경기 군포시
001P10073,서울 서대문구,1,3,42,2,고양 우편집중국,15,17,42,1,서울 마포구
001P10079,서울 강남구,1,18,348,1,전남 화순군
001P10080,광주 동구,1,19,366,1,울산 북구
001P10081,대구 동구,1,14,267,1,전남 순천시
001P10082,광주 동구,1,20,379,1,인천 부평구
001P10085,전북 남원시,1,23,445,1,강원 양구군
001P10087,경남 창원시 진해구,1,11,200,1,전남 순천시
001P10092,경북 경산시,1,9,160,1,경북 안동시
001P10096,강원 양구군,1,12,215,1,서울 금천구
001P10099,인천 강화군,1,6,105,1,경기 김포시
001P10100,서울 서초구,1,20,385,1,전남 나주시
001P10105,충북 제천시,1,12,214,1,인천 계양구
001P10108,경기 양주시,1,9,165,1,충남 천안시 동남구
001P10112,경기 광주시,1,6,106,1,인천 미추홀구
001P10114,충북 증평군,1,10,187,1,전북 전주시 완산구
001P10118,충북 진천군,1,20,381,1,부산 부산진구
001P10121,경기 이천시,1,14,266,1,경남 합천군
001P10125,광주 광산구,1,3,38,2,중부권 광역우편물류센터,15,25,190,1,전남 장성군
001P10129,인천 부평구,1,6,93,1,서울 동작구
001P10130,전북 부안군,1,11,206,1,전남 여수시
001P10131,경기 성남시 수정구,1,5,80,1,부천 우편집중국,17,20,66,1,인천 중구
001P10132,충남 서산시,1,7,128,2,천안 우편집중국,19,24,102,1,충북 청주시 상당구
001P10134,울산 중구,1,12,228,1,경북 성주군
001P10135,충남 서산시,1,17,322,1,전남 영암군
001P10136,서울 광진구,1,16,299,1,경북 의성군
001P10141,전남 무안군,1,12,213,1,충남 청양군
001P10143,경남 창원시 성산구,1,19,360,1,경기 이천시
001P10146,충남 당진시,1,11,191,1,전북 전주시 덕진구
001P10148,경남 진주시,1,14,256,1,경북 영천시
001P10150,대구 동구,1,6,106,1,포항 우편집중국,18,20,30,1,경북 포항시 북구
001P10152,대구 중구,1,18,346,1,전남 강진군
001P10163,충북 청주시 청원구,1,9,150,1,경기 수원시 팔달구
001P10175,경기 안산시 상록구,1,21,396,1,전남 해남군
001P10180,서울 성동구,1,5,88,1,서울 강북구
001P10181,충남 천안시 서북구,1,16,306,1,경북 영천시
001P10182,경기 화성시,1,6,100,1,성남 우편집중국,18,20,43,1,경기 성남시 중원구
001P10186,전남 광양시,1,25,473,1,강원 평창군
001P10188,인천 부평구,1,13,246,1,충북 보은군
001P10189,경기 고양시 일산서구,1,3,30,1,고양 우편집중국,15,18,68,1,경기 시흥시
001P10192,경기 부천시,1,9,168,1,경기 양평군
001P10197,전남 화순군,1,9,152,1,전주 우편집중국,21,25,88,1,전북 정읍시
001P10200,경남 함안군,1,12,212,1,충남 금산군
001P10201,충북 청주시 흥덕구,1,3,44,2,청주 우편집중국,15,19,71,1,충북 진천군
001P10203,경남 함양군,1,9,159,1,충북 옥천군
001P10206,전북 남원시,1,9,158,1,대구 달성군
001P10208,서울 강서구,1,19,363,1,전남 구례군
001P10210,경남 의령군,1,4,53,1,진주 우편집중국,16,25,179,1,경북 청도군
001P10214,강원 홍천군,1,9,155,1,서울 강동구
001P10217,경북 구미시,1,15,282,1,서울 종로구
001P10224,충북 제천시,1,10,178,1,경기 과천시
001P10227,경기 수원시 팔달구,1,4,64,1,서울 금천구
001P10228,전남 목포시,1,23,431,1,경기 양주시
001P10233,경북 청도군,1,15,290,1,충남 공주시
001P10236,대전 중구,1,3,38,1,중부권 광역우편물류센터,15,23,152,1,전북 정읍시
001P10240,대구 남구,1,3,43,1,대구 우편집중국,15,24,181,1,부산 사하구
001P10241,경북 청도군,1,15,281,1,충북 음성군
001P10242,경기 고양시 일산서구,1,3,42,1,서울 마포구
001P10243,대전 동구,1,13,243,1,경기 부천시
001P10244,전남 함평군,1,20,387,1,경북 문경시
001P10246,경기 고양시 덕양구,1,5,75,1,서울 성북구
001P10250,인천 중구,1,4,66,3,부천 우편집중국,16,19,56,1,서울 금천구
001P10251,경기 안양시 동안구,1,24,456,1,부산 동래구
001P10271,경기 부천시,1,3,36,1,부천 우편집중국,15,23,150,1,충남 천안시 서북구
001P10273,경남 함양군,1,6,97,1,경남 진주시
001P10275,충남 서산시,1,9,159,1,서울 성동구
001P10276,대구 남구,1,5,82,1,경남 창녕군
001P10278,경기 과천시,1,17,322,1,대구 북구
001P10280,경남 하동군,1,20,389,1,강원 영월군
001P10282,경기 안양시 만안구,1,7,113,1,경기 동두천시
001P10285,서울 강남구,1,5,89,1,부천 우편집중국,17,22,96,1,인천 강화군
001P10286,강원 인제군,1,12,225,1,경기 용인시 처인구
001P10288,인천 연수구,1,23,433,1,전남 강진군
001P10291,서울 서대문구,1,3,42,2,고양 우편집중국,15,18,60,1,서울 노원구
001P10295,경기 용인시 기흥구,1,19,352,1,경북 청도군
001P10297,경북 포항시 북구,1,22,427,1,경기 양주시
001P10300,경기 부천시,1,15,289,1,전북 무주군
001P10303,경기 성남시 수정구,1,5,88,1,서울 은평구
001P10305,전남 보성군,1,6,93,1,전남 진도군
001P10306,부산 동래구,1,9,160,1,대구 중구
001P10308,서울 중구,1,4,51,1,경기 성남시 수정구
001P10309,경기 여주시,1,23,442,1,전남 강진군
001P10310,경기 여주시,1,5,75,1,원주 우편집중국,17,25,169,1,경기 고양시 일산서구
001P10313,전북 장수군,1,13,246,1,부산 동래구
001P10316,인천 남동구,1,24,465,1,경남 양산시
001P10318,경기 수원시 권선구,1,5,82,1,인천 동구
001P10323,경북 성주군,1,9,156,1,대전 대덕구
001P10325,경남 거창군,1,19,353,1,서울 강남구
001P10326,대전 중구,1,13,250,1,경기 의정부시
001P10331,전남 해남군,1,15,271,1,전북 장수군
001P10332,서울 도봉구,1,15,286,1,경북 구미시
001P10334,충남 천안시 동남구,1,7,129,1,경기 광명시
001P10336,강원 영월군,1,4,62,1,원주 우편집중국,16,22,126,1,서울 송파구
001P10341,서울 성동구,1,15,281,1,전북 임실군
001P10344,부산 연제구,1,17,317,1,광주 동구
001P10345,부산 수영구,1,17,313,1,전북 익산시
001P10354,경북 청송군,1,19,356,1,서울 영등포구
001P10357,경북 포항시 남구,1,21,404,1,서울 강남구
001P10359,경기 포천시,1,14,268,1,대전 대덕구
001P10361,강원 속초시,1,9,155,1,강원 홍천군
001P10373,경기 수원시 장안구,1,23,431,1,부산 해운대구
001P10374,충남 보령시,1,10,186,1,안양 우편집중국,22,25,55,2,경기 과천시
001P10377,전남 영광군,1,13,232,1,대전 대덕구
001P10379,경기 광주시,1,5,74,1,경기 과천시
001P10380,부산 수영구,1,13,246,1,전북 장수군
001P10381,전남 순천시,1,9,156,1,창원 우편집중국,21,25,75,1,경남 창녕군
001P10382,전북 장수군,1,13,245,1,경북 문경시
001P10385,경북 포항시 북구,1,23,440,1,서울 마포구
001P10389,충북 영동군,1,5,83,2,중부권 광역우편물류센터,17,20,53,1,충남 계룡시
001P10391,부산 금정구,1,20,385,1,충북 진천군
001P10395,강원 영월군,1,10,182,1,안양 우편집중국,22,24,50,1,경기 광명시
001P10396,인천 중구,1,17,328,1,강원 양양군
001P10398,서울 관악구,1,17,322,1,대구 서구
001P10400,인천 동구,1,7,119,1,경기 오산시
001P10401,경기 고양시 일산동구,1,24,452,1,전남 완도군
001P10402,부산 북구,1,22,417,1,경기 용인시 기흥구
001P10403,경남 밀양시,1,9,167,1,경북 의성군
001P10405,경기 군포시,1,10,176,1,청주 우편집중국,22,24,30,1,충북 청주시 청원구
001P10406,강원 평창군,1,12,220,1,인천 계양구
001P10409,경기 용인시 기흥구,1,17,327,1,경북 경산시
001P10411,경기 과천시,1,4,55,2,안양 우편집중국,16,25,174,1,충북 청주시 청원구
001P10412,서울 동작구,1,23,450,1,부산 서구
001P10418,강원 철원군,1,4,55,3,의정부 우편집중국,16,21,101,1,경기 수원시 팔달구
001P10420,충남 부여군,1,11,197,1,서울 서초구
002P10002,경북 울진군,2,4,30,1,경북 영덕군
002P10005,경북 경산시,2,21,386,1,경기 고양시 덕양구
002P10007,서울 도봉구,2,8,110,1,인천 옹진군
002P10010,전북 익산시,2,4,39,1,전주 우편집중국,16,24,165,1,충북 보은군
002P10013,서울 서초구,2,13,224,1,경기 가평군
002P10022,경북 영덕군,2,24,440,1,경기 고양시 일산동구
002P10026,경기 오산시,2,5,66,1,경기 수원시 권선구
002P10029,부산 동래구,2,17,300,1,전남 장흥군
002P10039,서울 성북구,2,4,36,3,동서울 우편집중국,16,18,30,1,서울 광진구
002P10040,경북 영주시,2,14,236,1,울산 동구
002P10042,경기 연천군,2,18,320,1,경북 구미시
002P10043,서울 양천구,2,22,409,1,전남 나주시
002P10048,세종특별자치시,2,8,128,1,전북 군산시
002P10049,경기 안산시 상록구,2,11,180,1,충북 청주시 상당구
002P10050,경북 고령군,2,6,80,1,대구 우편집중국,18,21,54,1,대구 달성군
002P10052,경기 김포시,2,11,174,1,충남 아산시
002P10058,충남 천안시 서북구,2,8,123,1,서울 성동구
002P10061,서울 강북구,2,19,342,1,경북 고령군
002P10063,전남 진도군,2,22,405,1,경북 의성군
002P10068,경남 거창군,2,16,275,1,충북 음성군
002P10070,인천 옹진군,2,21,378,1,경북 경산시
002P10073,충북 청주시 상당구,2,12,206,1,대구 동구
002P10077,충남 당진시,2,6,89,1,경기 평택시
002P10083,대구 남구,2,4,43,3,대구 우편집중국,16,23,136,1,경북 안동시
002P10084,부산 사상구,2,25,459,1,경기 의정부시
002P10088,부산 북구,2,19,334,1,세종특별자치시
002P10091,전북 무주군,2,15,257,1,경기 성남시 중원구
002P10096,충북 영동군,2,14,249,1,경남 사천시
002P10107,경북 울진군,2,13,225,1,울산 동구
002P10115,경북 경주시,2,15,268,1,대전 중구
002P10119,경남 통영시,2,25,456,1,인천 중구
002P10126,전남 장성군,2,11,183,1,대전 서구
002P10127,경기 시흥시,2,8,125,1,경기 여주시
002P10130,경기 화성시,2,8,130,1,인천 남동구
002P10132,경북 청도군,2,21,381,1,서울 노원구
002P10134,경북 포항시 북구,2,21,389,1,경기 수원시 권선구
002P10138,경기 성남시 수정구,2,18,310,1,경북 청송군
002P10139,강원 양양군,2,8,130,1,강원 태백시
002P10145,전남 보성군,2,25,457,1,경기 김포시
002P10147,충남 예산군,2,20,364,1,경북 영덕군
002P10148,충남 당진시,2,19,341,1,전남 해남군
002P10149,전북 무주군,2,15,267,1,전남 함평군
002P10150,경북 의성군,2,22,391,1,전남 나주시
002P10158,경기 고양시 일산동구,2,15,263,1,광주 광산구
002P10163,경남 창원시 마산합포구,2,7,93,1,부산 사하구
002P10165,부산 수영구,2,22,409,1,충남 부여군
002P10170,경기 안산시 단원구,2,9,149,1,경기 양평군
002P10172,충남 서산시,2,8,128,1,충남 천안시 동남구
002P10179,경기 오산시,2,9,143,1,경기 연천군
002P10181,경북 문경시,2,10,153,1,경남 합천군
002P10192,경기 연천군,2,6,79,1,동서울 우편집중국,18,22,84,1,서울 종로구
002P10195,대구 서구,2,12,204,1,대전 유성구
002P10196,전남 순천시,2,10,164,1,광주 우편집중국,22,24,39,1,전남 장성군
002P10199,경남 산청군,2,22,400,2,서울 마포구
002P10204,충남 공주시,2,6,79,1,천안 우편집중국,18,25,135,1,충북 옥천군
002P10207,충북 청주시 상당구,2,13,227,1,서울 양천구
002P10214,강원 태백시,2,24,431,1,세종특별자치시
002P10215,광주 서구,2,23,419,1,경기 광주시
002P10220,경기 수원시 권선구,2,7,108,1,의정부 우편집중국,19,22,64,1,서울 도봉구
002P10226,경기 남양주시,2,7,93,1,부천 우편집중국,19,21,36,1,서울 강서구
002P10234,충남 계룡시,2,8,118,1,충북 청주시 서원구
002P10236,경기 의정부시,2,7,92,1,서울 용산구
002P10247,서울 영등포구,2,16,270,1,경북 상주시
002P10252,경남 산청군,2,22,400,2,서울 마포구
002P10254,전북 부안군,2,16,285,1,경기 부천시
002P10257,대전 유성구,2,4,46,4,대전 우편집중국,16,21,103,1,충북 청주시 상당구
002P10259,인천 미추홀구,2,23,424,1,전남 완도군
002P10265,인천 중구,2,6,90,1,서울 강동구
002P10267,경남 함양군,2,16,272,1,충북 음성군
002P10269,전남 구례군,2,11,188,1,대구 달성군
002P10270,부산 동래구,2,14,246,1,전북 장수군
002P10271,경북 상주시,2,12,199,1,울산 동구
002P10272,경기 가평군,2,23,427,1,울산 중구
002P10274,전북 김제시,2,17,301,1,강원 영월군
002P10275,충남 아산시,2,21,381,1,부산 영도구
002P10277,대전 서구,2,5,54,2,중부권 광역우편물류센터,17,20,53,1,충북 옥천군
002P10283,강원 태백시,2,18,316,1,서울 광진구
002P10287,충남 예산군,2,10,163,1,부천 우편집중국,22,24,36,1,경기 부천시
002P10289,경남 김해시,2,5,60,1,부산 부산진구
002P10290,강원 양구군,2,20,358,1,대구 동구
002P10297,전북 군산시,2,10,162,3,중부권 광역우편물류센터,22,25,64,1,세종특별자치시
002P10302,경기 양주시,2,18,310,1,전북 무주군
002P10303,강원 춘천시,2,12,202,1,경기 용인시 수지구
002P10304,서울 양천구,2,22,410,1,경북 영천시
002P10306,서울 은평구,2,24,430,1,울산 북구
002P10310,부산 금정구,2,5,60,2,부산 우편집중국,17,21,74,1,경남 밀양시
002P10316,부산 남구,2,23,412,1,경기 오산시
002P10320,전남 구례군,2,17,307,1,경기 수원시 팔달구
002P10327,충북 증평군,2,9,133,1,충북 제천시
002P10330,대전 중구,2,18,319,1,강원 정선군
002P10333,강원 화천군,2,12,208,1,서울 서초구
002P10337,충북 영동군,2,15,261,1,경기 시흥시
002P10339,서울 은평구,2,4,39,2,고양 우편집중국,16,22,119,1,경기 연천군
002P10342,충북 증평군,2,10,154,1,경기 안양시 동안구
002P10347,강원 영월군,2,11,183,1,서울 용산구
002P10358,경북 영주시,2,10,166,1,대구 달성군
002P10373,부산 연제구,2,13,214,1,경남 함양군
002P10374,경북 군위군,2,16,280,1,서울 강동구
002P10376,경기 용인시 기흥구,2,12,204,1,전북 군산시
002P10379,전북 전주시 덕진구,2,14,242,1,경기 성남시 중원구
002P10383,경북 안동시,2,10,170,1,충북 음성군
002P10384,강원 동해시,2,25,462,1,경남 합천군
002P10386,전북 익산시,2,16,285,1,서울 은평구
002P10391,전북 완주군,2,20,350,1,울산 남구
002P10393,전남 순천시,2,7,103,1,경남 진주시
002P10394,경남 진주시,2,8,130,1,경남 김해시
002P10396,전남 화순군,2,9,133,1,경남 함양군
002P10398,서울 강남구,2,20,361,1,경북 경주시
002P10402,경북 울진군,2,23,424,1,전남 영암군
002P10407,경북 경산시,2,5,54,1,대구 북구
002P10410,강원 삼척시,2,23,429,1,충남 부여군
002P10413,충남 홍성군,2,9,133,1,충남 공주시
002P10415,경남 창원시 진해구,2,23,420,1,경기 성남시 분당구
002P10421,충북 영동군,2,13,213,1,충남 당진시
003P10007,서울 서초구,3,21,356,1,광주 북구
003P10016,충북 충주시,3,11,153,1,성남 우편집중국,23,25,39,1,경기 성남시 분당구
003P10021,전북 전주시 덕진구,3,17,287,1,부산 강서구
003P10022,경기 화성시,3,21,352,1,전남 무안군
003P10024,부산 서구,3,9,110,1,경남 밀양시
003P10027,대구 동구,3,20,344,1,전북 김제시
003P10031,경북 의성군,3,12,175,2,경북 포항시 북구
003P10039,전남 무안군,3,25,439,1,경북 봉화군
003P10040,광주 북구,3,16,258,1,경남 거제시
003P10044,전북 장수군,3,14,223,1,경북 상주시
003P10047,경기 동두천시,3,6,69,1,동서울 우편집중국,18,21,54,1,서울 강동구
003P10049,강원 횡성군,3,25,446,1,경남 하동군
003P10050,경남 밀양시,3,9,114,1,대구 남구
003P10062,부산 금정구,3,6,60,4,부산 우편집중국,18,25,145,1,대구 중구
003P10074,부산 동구,3,24,418,1,경기 용인시 수지구
003P10076,경남 사천시,3,18,294,1,경북 영주시
003P10080,부산 수영구,3,20,339,1,대전 유성구
003P10087,서울 광진구,3,5,30,3,동서울 우편집중국,17,21,81,1,경기 고양시 일산서구
003P10089,인천 서구,3,10,143,1,경기 이천시
003P10094,경북 포항시 남구,3,8,109,1,대구 북구
003P10098,서울 성북구,3,5,36,4,동서울 우편집중국,17,25,168,1,강원 영월군
003P10102,강원 철원군,3,9,117,2,서울 서초구
003P10104,경기 수원시 장안구,3,24,420,1,경남 창원시 진해구
003P10111,부산 금정구,3,18,295,1,충남 금산군
003P10116,충남 천안시 서북구,3,15,235,1,경북 예천군
003P10118,대구 남구,3,17,278,1,경기 용인시 처인구
003P10121,인천 옹진군,3,9,114,1,서울 광진구
003P10124,경기 포천시,3,6,52,1,의정부 우편집중국,18,23,108,1,경기 의왕시
003P10125,경남 고성군,3,13,203,1,충남 금산군
003P10129,강원 강릉시,3,20,348,1,경북 청송군
003P10130,경기 성남시 수정구,3,6,53,1,경기 군포시
003P10131,전남 보성군,3,9,119,1,경남 하동군
003P10134,서울 성북구,3,7,90,1,경기 수원시 권선구
003P10140,경남 창녕군,3,17,282,1,충북 진천군
003P10153,경기 수원시 영통구,3,11,162,1,충남 태안군
003P10154,대구 달서구,3,8,103,1,경북 김천시
003P10158,충북 청주시 상당구,3,8,105,1,충남 금산군
003P10159,충북 충주시,3,11,159,1,서울 강동구
003P10160,대전 동구,3,14,222,1,서울 종로구
003P10162,경기 광주시,3,12,178,1,경기 가평군
003P10165,서울 강서구,3,21,354,1,대구 서구
003P10167,경기 평택시,3,8,104,1,경기 군포시
003P10170,대전 유성구,3,15,238,1,경기 김포시
003P10176,경북 김천시,3,10,146,1,세종특별자치시
003P10178,전북 완주군,3,16,261,1,인천 옹진군
003P10179,충남 계룡시,3,5,30,1,대전 우편집중국,17,20,57,1,대전 동구
003P10187,강원 정선군,3,25,432,1,경북 포항시 북구
003P10188,강원 강릉시,3,22,386,1,충남 계룡시
003P10189,인천 중구,3,20,347,1,대구 서구
003P10191,경기 수원시 팔달구,3,7,83,1,부천 우편집중국,19,21,36,1,인천 부평구
003P10192,전북 군산시,3,9,122,1,전남 영광군
003P10193,전남 진도군,3,23,399,1,서울 서초구
003P10195,경기 성남시 분당구,3,21,360,1,전남 광양시
003P10196,경남 하동군,3,7,73,4,진주 우편집중국,19,23,79,1,경남 창원시 마산합포구
003P10197,경기 수원시 권선구,3,12,171,1,충남 청양군
003P10212,서울 강남구,3,7,82,2,동서울 우편집중국,19,23,87,1,경기 수원시 영통구
003P10218,대구 달성군,3,12,172,1,충북 옥천군
003P10220,대구 동구,3,10,141,1,부산 동래구
003P10225,경기 성남시 분당구,3,21,351,1,전남 여수시
003P10227,부산 북구,3,21,363,1,충북 증평군
003P10228,충남 천안시 서북구,3,7,82,1,청주 우편집중국,19,23,71,2,충북 진천군
003P10229,경남 남해군,3,25,439,1,경기 양주시
003P10231,대전 동구,3,13,199,1,전남 구례군
003P10245,경기 파주시,3,17,281,1,광주 광산구
003P10246,충남 보령시,3,15,242,1,광주 남구
003P10255,경북 의성군,3,12,175,2,경북 포항시 북구
003P10259,경기 김포시,3,19,326,1,경북 김천시
003P10265,경기 안양시 동안구,3,6,64,1,서울 동작구
003P10285,대구 북구,3,5,30,2,대구 우편집중국,17,22,101,1,경남 밀양시
003P10286,경북 고령군,3,17,282,1,경기 안성시
003P10293,경기 수원시 영통구,3,6,54,1,경기 성남시 수정구
003P10295,경기 의왕시,3,23,407,1,전남 해남군
003P10296,부산 해운대구,3,7,70,1,울산 울주군
003P10297,인천 중구,3,6,66,4,부천 우편집중국,18,20,36,1,서울 양천구
003P10301,강원 철원군,3,9,117,2,서울 서초구
004P10002,강원 삼척시,4,19,309,1,서울 강북구
004P10013,경기 수원시 권선구,4,8,77,2,수원 우편집중국,20,23,67,1,경기 안양시 동안구
004P10014,경남 창원시 진해구,4,25,427,1,경기 남양주시
004P10015,경북 경산시,4,23,387,1,인천 동구
004P10018,경기 성남시 수정구,4,15,211,1,대전 중구
004P10020,대전 동구,4,16,246,1,서울 강북구
004P10021,충북 단양군,4,13,181,1,충북 청주시 서원구
004P10022,강원 영월군,4,10,121,1,경북 안동시
004P10033,대구 수성구,4,6,50,2,대구 우편집중국,18,22,79,1,경북 청도군
004P10037,울산 동구,4,24,400,1,서울 성북구
004P10045,경북 성주군,4,11,141,1,충북 옥천군
004P10046,강원 동해시,4,21,345,2,서울 양천구
004P10051,인천 서구,4,14,200,1,충북 충주시
004P10055,전남 순천시,4,16,235,1,대전 동구
004P10057,경남 고성군,4,18,276,1,충북 영동군
004P10063,서울 구로구,4,8,86,1,경기 성남시 중원구
004P10073,인천 미추홀구,4,25,428,1,울산 북구
004P10076,대구 달서구,4,20,314,1,경기 남양주시
004P10080,경남 진주시,4,15,219,1,경북 의성군
004P10085,충북 증평군,4,7,58,4,청주 우편집중국,19,25,129,3,세종특별자치시
004P10096,충남 천안시 동남구,4,23,371,1,강원 태백시
004P10098,경기 광명시,4,6,50,4,안양 우편집중국,18,22,87,1,서울 도봉구
004P10105,충남 청양군,4,15,216,1,인천 부평구
004P10112,경기 동두천시,4,25,421,1,전남 무안군
004P10113,경북 영주시,4,19,294,1,충남 홍성군
004P10118,부산 중구,4,11,145,1,울산 중구
004P10124,경기 양평군,4,15,227,1,강원 강릉시
004P10128,서울 은평구,4,14,206,1,충북 청주시 흥덕구
004P10137,전남 영광군,4,8,88,1,전남 나주시
004P10144,전북 임실군,4,17,268,1,경남 창원시 성산구
004P10145,경북 울진군,4,22,355,1,전남 고흥군
004P10149,경기 양주시,4,17,253,1,대전 대덕구
004P10150,서울 강남구,4,19,299,1,경북 의성군
004P10158,전남 영암군,4,20,322,1,충남 서산시
004P10162,경북 경산시,4,22,354,1,경기 수원시 영통구
004P10165,충북 청주시 서원구,4,13,175,1,서울 동작구
004P10166,전남 곡성군,4,20,311,1,경기 오산시
004P10167,충남 아산시,4,22,363,1,경남 창원시 성산구
004P10169,전남 나주시,4,25,429,1,강원 영월군
004P10170,울산 중구,4,15,219,1,경북 고령군
004P10175,강원 영월군,4,18,277,1,전북 익산시
004P10176,경북 예천군,4,14,210,1,충북 청주시 청원구
004P10178,경기 양평군,4,18,277,1,전북 무주군
004P10181,전북 진안군,4,10,113,1,충남 논산시
004P10183,광주 북구,4,22,361,1,서울 용산구
004P10188,경기 수원시 팔달구,4,8,83,2,부천 우편집중국,20,22,36,2,서울 양천구
004P10193,경기 여주시,4,23,379,1,광주 북구
004P10194,경기 평택시,4,9,105,1,수원 우편집중국,21,24,62,1,서울 용산구
004P10197,강원 동해시,4,21,345,2,서울 양천구
004P10201,전남 여수시,4,9,97,1,전북 남원시
004P10202,서울 송파구,4,7,60,1,경기 용인시 기흥구
004P10203,인천 옹진군,4,10,126,1,의정부 우편집중국,22,25,55,1,경기 연천군
004P10218,전남 장성군,4,20,327,1,경기 안양시 만안구
004P10222,대구 북구,4,22,356,1,경기 동두천시
004P10236,강원 인제군,4,9,99,1,강원 홍천군
004P10239,서울 노원구,4,15,225,1,충남 논산시
004P10243,울산 울주군,4,25,413,1,서울 노원구
004P10245,전남 진도군,4,22,352,1,충북 진천군
004P10252,경남 거제시,4,17,266,1,대전 서구
004P10254,서울 성북구,4,12,167,1,강원 평창군
004P10258,서울 송파구,4,8,86,1,인천 계양구
004P10266,경북 영양군,4,20,323,1,전북 임실군
004P10273,충북 증평군,4,7,58,4,청주 우편집중국,19,25,129,3,세종특별자치시
004P10274,경북 안동시,4,17,259,1,부산 수영구
004P10279,서울 성동구,4,9,106,1,고양 우편집중국,21,23,39,1,서울 은평구
004P10280,충남 서산시,4,20,311,1,대구 남구
004P10282,인천 연수구,4,15,217,1,충북 제천시
004P10286,대구 달성군,4,22,369,1,강원 철원군
004P10289,인천 중구,4,9,95,1,수원 우편집중국,21,25,77,1,경기 수원시 장안구
004P10293,대구 서구,4,19,303,1,경기 의왕시
004P10298,대구 서구,4,13,173,1,부산 수영구
004P10304,전남 나주시,4,18,280,1,경남 진주시
004P10306,충남 서산시,4,12,160,1,경기 고양시 일산동구
004P10312,경기 시흥시,4,7,53,1,부천 우편집중국,19,23,76,1,경기 수원시 장안구
004P10316,강원 고성군,4,19,299,1,서울 강북구
004P10318,대전 유성구,4,16,234,1,서울 강서구
004P10325,서울 강서구,4,6,36,2,부천 우편집중국,18,22,83,1,경기 용인시 수지구
004P10326,경남 창원시 마산합포구,4,6,30,2,창원 우편집중국,18,20,30,1,경남 창원시 마산회원구
004P10328,서울 마포구,4,6,42,1,고양 우편집중국,18,23,98,1,경기 수원시 팔달구
004P10348,경기 부천시,4,8,88,1,수원 우편집중국,20,24,86,1,경기 오산시
004P10350,충북 충주시,4,11,139,1,경기 용인시 처인구
004P10364,경기 광명시,4,6,50,4,안양 우편집중국,18,24,121,1,경기 연천군
004P10365,충북 청주시 상당구,4,13,181,1,충남 당진시
004P10366,서울 노원구,4,21,335,1,대구 달성군
004P10369,서울 강서구,4,16,231,1,충남 논산시
004P10377,광주 남구,4,17,254,1,충남 논산시
004P10378,경북 상주시,4,12,166,1,충북 진천군
004P10380,대구 동구,4,11,149,1,울산 중구
004P10382,강원 인제군,4,16,246,1,경북 봉화군
004P10385,서울 도봉구,4,14,201,1,강원 화천군
004P10386,경기 군포시,4,21,348,1,경남 산청군
004P10387,경기 광명시,4,24,397,1,광주 서구
004P10388,부산 영도구,4,20,310,1,광주 동구
004P10390,경북 울진군,4,25,424,1,전남 강진군
004P10393,부산 수영구,4,14,200,1,경남 거제시
004P10396,강원 춘천시,4,22,365,1,전북 군산시
004P10403,충남 당진시,4,10,110,1,안양 우편집중국,22,24,33,1,경기 안양시 만안구
004P10405,서울 송파구,4,17,261,1,전북 무주군
004P10412,경북 상주시,4,14,192,1,경남 밀양시
004P10413,강원 평창군,4,15,223,1,서울 영등포구
004P10424,경기 부천시,4,10,125,1,경기 이천시
004P10428,광주 북구,4,21,344,1,경기 수원시 권선구
004P10436,충북 괴산군,4,24,408,1,전남 신안군
004P10437,충북 진천군,4,10,122,1,경기 의왕시
004P10438,경남 진주시,4,10,130,2,경남 김해시
004P10441,경북 김천시,4,19,292,1,서울 강북구
004P10445,경기 가평군,4,25,428,1,전북 정읍시
004P10449,강원 영월군,4,16,247,1,대구 수성구
005P10001,부산 금정구,5,10,106,1,울산 우편집중국,22,25,65,1,부산 기장군
005P10010,강원 춘천시,5,16,214,1,경기 안양시 동안구
005P10011,서울 성동구,5,9,84,3,동서울 우편집중국,21,25,84,1,서울 중구
005P10013,인천 남동구,5,16,215,1,충남 부여군
005P10030,충북 보은군,5,10,98,1,광주 광산구
005P10033,경기 이천시,5,10,91,1,경기 남양주시
005P10036,서울 금천구,5,8,56,1,부천 우편집중국,20,22,36,1,인천 계양구
005P10037,경북 봉화군,5,19,273,1,서울 구로구
005P10038,경남 함양군,5,23,354,1,서울 광진구
005P10039,전북 부안군,5,16,219,1,충남 금산군
005P10041,경남 통영시,5,18,265,1,경북 경주시
005P10043,충남 금산군,5,17,249,1,경기 군포시
005P10044,서울 성동구,5,10,96,1,서울 양천구
005P10045,경기 안양시 만안구,5,20,301,1,경북 성주군
005P10046,경기 안산시 상록구,5,23,355,1,대구 동구
005P10048,충북 청주시 상당구,5,10,106,1,충북 진천군
005P10052,경기 파주시,5,10,98,1,경기 안양시 만안구
005P10058,경기 고양시 덕양구,5,10,98,1,경기 용인시 수지구
005P10061,인천 남동구,5,8,61,3,부천 우편집중국,20,23,60,1,서울 마포구
005P10062,경기 동두천시,5,8,69,2,동서울 우편집중국,20,24,84,1,서울 용산구
005P10067,경기 수원시 영통구,5,11,126,1,천안 우편집중국,23,25,30,1,충남 천안시 동남구
005P10068,대전 유성구,5,10,102,1,전북 완주군
005P10071,서울 은평구,5,17,249,1,충남 부여군
005P10075,경기 화성시,5,25,404,1,전남 강진군
005P10081,경북 예천군,5,17,249,1,대전 서구
005P10083,경기 동두천시,5,19,270,1,광주 광산구
005P10085,서울 동작구,5,11,123,1,천안 우편집중국,23,25,30,1,충남 천안시 서북구
005P10086,경북 영주시,5,21,321,1,경남 고성군
005P10088,충남 태안군,5,20,295,1,경북 안동시
005P10089,광주 동구,5,25,410,1,경기 연천군
005P10108,경기 안산시 상록구,5,20,307,1,경북 성주군
005P10109,울산 울주군,5,23,360,1,강원 횡성군
005P10110,충북 단양군,5,15,195,1,대구 달성군
005P10117,강원 양구군,5,16,213,1,서울 동작구
005P10124,강원 속초시,5,14,171,1,경기 가평군
005P10131,인천 남동구,5,13,167,1,경기 양평군
005P10132,경기 연천군,5,11,126,1,경기 수원시 팔달구
005P10137,경북 포항시 남구,5,25,393,1,전남 함평군
005P10143,부산 남구,5,23,367,1,경기 여주시
005P10149,경기 용인시 기흥구,5,11,113,1,서울 은평구
005P10155,부산 북구,5,14,180,1,경남 산청군
005P10168,충남 천안시 동남구,5,22,338,1,울산 울주군
005P10170,대전 서구,5,12,145,1,전북 정읍시
005P10173,울산 남구,5,23,366,1,광주 동구
005P10176,경북 군위군,5,16,226,1,부산 사상구
005P10180,서울 강서구,5,24,382,1,전남 화순군
005P10183,충북 진천군,5,21,313,1,전남 곡성군
005P10185,경기 수원시 장안구,5,20,303,1,전북 남원시
005P10189,경남 김해시,5,8,51,1,경남 양산시
005P10190,충북 충주시,5,22,343,1,부산 중구
005P10192,인천 계양구,5,7,36,2,부천 우편집중국,19,22,66,1,인천 옹진군
005P10195,부산 영도구,5,14,181,1,대구 북구
005P10200,서울 성동구,5,9,84,3,동서울 우편집중국,21,24,55,1,경기 의정부시
005P10201,경북 울진군,5,23,367,1,전남 영광군
005P10212,전북 진안군,5,18,263,1,경북 문경시
005P10213,경남 창녕군,5,15,194,1,경북 예천군
005P10215,전남 강진군,5,7,49,1,전남 장흥군
005P10221,강원 화천군,5,17,247,1,서울 강서구
005P10227,경기 고양시 일산동구,5,7,30,1,고양 우편집중국,19,24,91,1,경기 성남시 분당구
005P10235,경기 하남시,5,8,51,3,동서울 우편집중국,20,25,94,1,경기 용인시 처인구
005P10237,경북 칠곡군,5,11,114,1,충북 영동군
005P10239,강원 홍천군,5,14,180,1,경기 과천시
005P10240,전남 무안군,5,22,347,1,경기 용인시 수지구
005P10241,경기 화성시,5,22,336,1,경남 거창군
005P10244,전북 무주군,5,19,290,1,인천 연수구
005P10247,경기 광주시,5,10,100,1,경기 안산시 단원구
005P10258,경남 남해군,5,14,173,1,전북 전주시 덕진구
005P10260,울산 동구,5,10,109,1,부산 우편집중국,22,24,35,1,부산 남구
005P10262,충남 부여군,5,23,363,1,경북 영천시
005P10268,경북 의성군,5,16,216,1,부산 동구
005P10272,경북 경산시,5,19,282,1,충남 천안시 서북구
005P10277,경남 하동군,5,9,73,8,진주 우편집중국,21,24,60,1,경남 함안군
005P10278,경기 하남시,5,8,52,1,경기 성남시 분당구
005P10282,강원 양구군,5,19,273,1,인천 강화군
005P10285,경남 합천군,5,22,337,1,서울 중구
005P10298,인천 계양구,5,21,325,1,경북 군위군
005P10299,경남 거제시,5,11,122,1,경남 산청군
005P10300,경기 동두천시,5,8,64,1,서울 성북구
005P10302,전남 담양군,5,21,325,1,경기 수원시 장안구
005P10309,경북 영천시,5,22,340,1,충남 논산시
005P10322,경남 거제시,5,12,149,1,전남 여수시
005P10326,광주 광산구,5,15,204,1,대구 수성구
005P10327,서울 마포구,5,16,214,1,충북 청주시 청원구
005P10329,전남 여수시,5,23,362,1,경기 과천시
005P10335,서울 동작구,5,21,321,1,강원 삼척시
005P10337,경남 거제시,5,18,265,1,전남 진도군
005P10338,경남 고성군,5,21,321,1,충남 예산군
005P10340,전남 곡성군,5,25,406,1,경기 고양시 덕양구
005P10347,충북 청주시 흥덕구,5,20,298,1,경북 포항시 남구
005P10348,경기 군포시,5,8,64,1,부천 우편집중국,20,22,36,2,인천 부평구
005P10349,서울 동작구,5,10,106,1,경기 고양시 덕양구
005P10350,울산 중구,5,23,363,1,경기 용인시 처인구
005P10351,경북 청송군,5,19,277,1,부산 연제구
005P10358,강원 춘천시,5,22,345,1,충북 영동군
005P10363,경남 창녕군,5,20,304,1,강원 원주시
005P10366,전남 영광군,5,12,146,1,전북 익산시
005P10367,전북 부안군,5,24,388,1,경북 영덕군
005P10370,대구 중구,5,22,346,1,전남 완도군
005P10375,서울 용산구,5,25,404,1,경남 의령군
005P10378,부산 동구,5,25,393,1,광주 남구
005P10383,경기 수원시 영통구,5,13,162,2,충남 태안군
005P10391,충북 충주시,5,7,44,2,청주 우편집중국,19,25,129,3,세종특별자치시
005P10393,충북 음성군,5,20,299,1,전남 장성군
005P10403,경기 수원시 영통구,5,15,202,1,충남 논산시
005P10406,경북 김천시,5,18,269,1,충남 홍성군
005P10408,울산 중구,5,20,298,1,충북 청주시 서원구
005P10419,부산 사상구,5,14,179,1,경남 남해군
005P10421,경북 김천시,5,11,126,1,대구 수성구
005P10425,경북 영주시,5,14,183,1,경기 안성시
005P10426,경기 부천시,5,8,59,1,경기 안양시 만안구
005P10437,충남 보령시,5,16,212,1,경기 김포시
005P10441,충남 아산시,5,12,144,1,경기 광명시
005P10448,충남 계룡시,5,17,234,1,전남 무안군
005P10451,경기 의정부시,5,8,55,1,동서울 우편집중국,20,22,36,1,서울 성북구
005P10454,전북 고창군,5,24,384,1,강원 횡성군
005P10461,대구 동구,5,10,99,1,경북 영천시
005P10463,강원 양양군,5,25,400,1,경북 김천시
005P10464,충남 아산시,5,18,255,1,대구 달서구
005P10465,경북 영주시,5,16,226,1,경남 거창군
005P10467,경기 고양시 덕양구,5,15,202,1,강원 영월군
005P10470,경남 함양군,5,23,359,1,서울 도봉구
006P10001,강원 삼척시,6,22,327,1,경기 광명시
006P10005,부산 금정구,6,22,319,1,전남 완도군
006P10024,전남 영광군,6,23,346,1,부산 남구
006P10026,서울 관악구,6,8,49,3,안양 우편집중국,20,22,49,1,서울 금천구
006P10027,전북 완주군,6,17,216,1,대구 서구
006P10040,경기 광주시,6,9,64,1,동서울 우편집중국,21,25,82,1,서울 강남구
006P10041,경기 광주시,6,10,77,1,의정부 우편집중국,22,24,45,1,경기 동두천시
006P10042,인천 미추홀구,6,11,109,1,동서울 우편집중국,23,25,40,1,경기 남양주시
006P10048,전북 순창군,6,19,254,1,경북 의성군
006P10057,전남 영광군,6,23,333,1,인천 미추홀구
006P10059,대구 달서구,6,23,348,1,경기 부천시
006P10060,전남 목포시,6,25,383,1,서울 송파구
006P10061,경기 성남시 분당구,6,22,317,1,강원 태백시
006P10062,전남 구례군,6,19,260,1,충북 충주시
006P10069,경기 동두천시,6,18,242,1,경북 문경시
006P10078,경기 수원시 팔달구,6,24,369,1,경남 사천시
006P10085,경기 안양시 만안구,6,8,33,2,안양 우편집중국,20,23,62,1,경기 부천시
006P10097,경남 의령군,6,12,127,1,경북 고령군
006P10100,울산 동구,6,23,334,1,경기 이천시
006P10108,경남 거제시,6,16,200,1,부산 동래구
006P10111,경남 창원시 마산합포구,6,25,380,1,경기 수원시 장안구
006P10116,경북 청도군,6,12,122,1,경남 창원시 성산구
006P10120,서울 강남구,6,11,109,1,경기 안성시
006P10122,경기 안산시 단원구,6,16,194,1,세종특별자치시
006P10124,경남 거창군,6,19,255,1,울산 울주군
006P10126,경기 수원시 권선구,6,25,373,1,전남 나주시
006P10135,서울 중구,6,10,84,4,동서울 우편집중국,22,25,58,1,서울 송파구
006P10143,충북 단양군,6,24,369,1,경남 거제시
006P10147,전북 장수군,6,21,300,1,서울 용산구
006P10156,부산 서구,6,23,343,1,충북 청주시 청원구
006P10174,충남 청양군,6,16,210,1,서울 광진구
006P10184,경북 청송군,6,12,117,1,경북 영주시
006P10186,강원 정선군,6,18,231,1,경기 수원시 영통구
006P10198,경북 군위군,6,24,360,1,전남 무안군
006P10204,경남 창원시 진해구,6,9,65,1,부산 강서구
006P10207,인천 강화군,6,13,140,1,경기 광주시
006P10213,강원 양구군,6,17,213,1,서울 동대문구
006P10214,경기 하남시,6,18,249,1,전북 완주군
006P10230,부산 중구,6,19,266,1,경북 문경시
006P10241,울산 북구,6,15,187,1,대구 달서구
006P10244,경남 고성군,6,19,254,1,충남 논산시
006P10247,전남 장성군,6,9,66,1,광주 북구
006P10248,경기 군포시,6,9,69,1,인천 연수구
006P10250,전남 보성군,6,25,381,1,경북 포항시 북구
006P10252,강원 홍천군,6,15,178,1,경기 의정부시
006P10259,경북 의성군,6,18,238,1,부산 사하구
006P10261,강원 철원군,6,20,275,1,충북 보은군
006P10265,서울 도봉구,6,10,90,1,경기 안양시 동안구
006P10280,경기 이천시,6,20,280,1,경남 창녕군
006P10290,경남 남해군,6,20,280,1,충북 영동군
006P10301,경기 평택시,6,19,253,1,경북 칠곡군
006P10315,강원 태백시,6,22,315,1,경기 수원시 팔달구
006P10318,경기 가평군,6,17,229,1,서울 동대문구
006P10323,경남 창원시 진해구,6,15,175,1,대구 중구
006P10324,충북 제천시,6,22,324,1,경남 의령군
006P10329,경남 김해시,6,8,42,1,부산 남구
006P10335,경기 수원시 영통구,6,8,41,1,성남 우편집중국,20,22,43,1,경기 성남시 수정구
006P10336,부산 중구,6,21,293,1,전남 장흥군
006P10337,전북 김제시,6,22,311,1,대구 서구
006P10338,경기 용인시 처인구,6,20,278,1,대구 서구
006P10342,경기 동두천시,6,20,281,1,강원 강릉시
006P10343,전남 목포시,6,24,350,1,경북 칠곡군
006P10347,서울 동작구,6,9,61,3,안양 우편집중국,21,25,87,2,서울 도봉구
006P10352,서울 영등포구,6,24,363,1,전남 구례군
006P10353,서울 동작구,6,9,61,3,안양 우편집중국,21,24,55,1,경기 과천시
006P10358,경기 군포시,6,9,64,2,부천 우편집중국,21,24,61,1,인천 미추홀구
006P10359,강원 동해시,6,22,329,1,서울 마포구
006P10366,충북 진천군,6,22,320,1,강원 태백시
006P10367,경북 영덕군,6,19,263,1,대전 중구
006P10368,인천 계양구,6,25,378,1,대구 동구
006P10374,전북 순창군,6,18,244,1,경북 김천시
006P10377,경북 청송군,6,22,320,1,충남 예산군
006P10378,전북 장수군,6,18,245,2,경북 문경시
006P10384,충북 충주시,6,12,123,1,세종특별자치시
006P10385,대구 달성군,6,23,333,1,광주 남구
006P10386,경북 상주시,6,24,366,1,강원 속초시
006P10391,경기 용인시 기흥구,6,18,245,1,전북 임실군
006P10392,경기 고양시 일산동구,6,10,73,1,경기 광명시
006P10397,경남 하동군,6,18,236,1,대전 동구
006P10404,전북 부안군,6,14,169,1,전남 구례군
006P10412,충북 충주시,6,14,164,1,서울 금천구
006P10415,경기 의왕시,6,16,205,1,대전 중구
006P10437,인천 미추홀구,6,9,69,1,경기 수원시 권선구
006P10440,전북 임실군,6,23,341,1,경기 연천군
006P10442,경기 용인시 기흥구,6,15,174,1,강원 홍천군
006P10457,경북 봉화군,6,13,145,1,경북 문경시
006P10458,충북 청주시 청원구,6,20,276,1,전남 영광군
006P10461,강원 정선군,6,25,386,1,전북 전주시 완산구
